GardID	Name	Synonym	Matched Term
GARD:0000031	serpiginous choroiditis	peripapillary choriopathy	peripapillary
GARD:0000031	serpiginous choroiditis	Choroiditis, Serpiginous	serpiginous
GARD:0000045	congenital varicella syndrome	Varicella embryopathy	varicella
GARD:0000093	monilethrix	nodose hair	nodose
GARD:0000093	monilethrix	nodose hair	hair
GARD:0000109	progressive osseous heteroplasia	osteoma cutis	cutis
GARD:0000143	hypertrichosis cubiti-short stature syndrome	hairy elbows	hairy
GARD:0000180	macrothrombocytopenia and granulocyte inclusions with or without nephritis or sensorineural hearing loss	matins	matins
GARD:0000181	Stargardt disease	fundus flavimaculatus	fundus
GARD:0000183	bubonic plague	black death	black
GARD:0000198	spinal muscular atrophy, type iii	sma 3	sma
GARD:0000207	alveolar echinococcosis	multilocular hydatid	multilocular
GARD:0000207	alveolar echinococcosis	multilocular hydatid	hydatid
GARD:0000215	familial caudal dysgenesis	caudal regression	caudal
GARD:0000221	dilated cardiomyopathy	congestive cardiomyopathy	congestive
GARD:0000225	radial hemimelia	radial clubhand	radial
GARD:0000225	radial hemimelia	radial clubhand	clubhand
GARD:0000232	medullary sponge kidney	sponge kidney	sponge
GARD:0000296	short tarsus-absence of lower eyelashes syndrome	stale	stale
GARD:0000328	wandering spleen	floating spleen	floating
GARD:0000361	acalvaria	Acrania	acrania
GARD:0000363	acatalasia	catalase deficiency	catalase
GARD:0000364	arrhinia	isolated arrhinia	arrhinia
GARD:0000377	adactylia, unilateral	adactylia unilateral	unilateral
GARD:0000390	autosomal dominant osteosclerosis, worth type	hyperostosis, endosteal	endosteal
GARD:0000393	tungiasis	Tunga penetrans	tunga
GARD:0000393	tungiasis	Sarcopsylla penetrans	sarcopsylla
GARD:0000393	tungiasis	chigger flea	flea
GARD:0000396	tularemia	lemming fever	lemming
GARD:0000396	tularemia	rabbit fever	rabbit
GARD:0000396	tularemia	Yatobyo (Japan)	japan
GARD:0000429	amniotic band syndrome	amniotic bands	amniotic
GARD:0000429	amniotic band syndrome	amputation, congenital	amputation
GARD:0000429	amniotic band syndrome	Adam Complex	adam
GARD:0000429	amniotic band syndrome	Adam Complex	complex
GARD:0000431	microtia	microtia, congenital	microtia
GARD:0000454	accessory pancreas	pancreas accessorium	pancreas
GARD:0000467	propionic acidemia	prop	prop
GARD:0000502	hypertrichosis-acromegaloid facial appearance syndrome	haff	haff
GARD:0000594	oculocutaneous albinism type 1b	Yellow albinism	yellow
GARD:0000614	alopecia universalis congenita	atrichia, generalised	atrichia
GARD:0000701	tooth ankylosis	molar 1 reinclusion	reinclusion
GARD:0000705	annular pancreas	pancreas, annular	pancreas
GARD:0000705	annular pancreas	pancreas, annular	annular
GARD:0000774	arterial tortuosity syndrome	arterial tortuosity	arterial
GARD:0000774	arterial tortuosity syndrome	arterial tortuosity	tortuosity
GARD:0000809	balantidiasis	ciliary dysentery	ciliary
GARD:0000809	balantidiasis	ciliary dysentery	dysentery
GARD:0000842	diffuse idiopathic skeletal hyperostosis	dish	dish
GARD:0000863	IgA glomerulonephritis	iga nephropathy	nephropathy
GARD:0000867	chronic beryllium disease	beryllium poisoning	beryllium
GARD:0000869	beta-mannosidosis	mannosidosis, beta	beta
GARD:0000871	beta thalassemia	Thalassemias, beta-	beta
GARD:0000894	biotinidase deficiency	biotin deficiency	biotin
GARD:0000916	Blount disease	tibia vara	tibia
GARD:0000916	Blount disease	tibia vara	vara
GARD:0000942	diphyllobothriasis	fish tapeworm	fish
GARD:0000942	diphyllobothriasis	fish tapeworm	tapeworm
GARD:0000942	diphyllobothriasis	Diphyllobothrium infection	diphyllobothrium
GARD:0000967	brachydactyly-arterial hypertension syndrome	Bilginturan brachydactyly	brachydactyly
GARD:0000972	brachydactyly-preaxial hallux varus syndrome	Christian brachydactyly	christian
GARD:0000972	brachydactyly-preaxial hallux varus syndrome	Christian brachydactyly	brachydactyly
GARD:0001063	idiopathic camptocormia	bent spine	bent
GARD:0001063	idiopathic camptocormia	bent spine	spine
GARD:0001119	Carney complex	lamb	lamb
GARD:0001139	autosomal recessive palmoplantar keratoderma and congenital alopecia	cass	cass
GARD:0001164	caudal duplication	dipygus	dipygus
GARD:0001223	neuronal ceroid lipofuscinosis 5	Finnish Vlincl	finnish
GARD:0001237	char syndrome	char	char
GARD:0001292	chondrocalcinosis 2	calcium gout	calcium
GARD:0001292	chondrocalcinosis 2	calcium gout	gout
GARD:0001359	chylous ascites	ascites, chylous	ascites
GARD:0001359	chylous ascites	ascites, chylous	chylous
GARD:0001481	congenital diaphragmatic hernia	diaphragmatic hernia	diaphragmatic
GARD:0001481	congenital diaphragmatic hernia	diaphragmatic hernia	hernia
GARD:0001487	congenital hypothyroidism	congenital goiter	goiter
GARD:0001513	continuous spikes and waves during sleep	epileptic aphasia	epileptic
GARD:0001513	continuous spikes and waves during sleep	epileptic aphasia	aphasia
GARD:0001544	congenitally corrected transposition of the great arteries	Double discordance	discordance
GARD:0001544	congenitally corrected transposition of the great arteries	ventricular inversion	ventricular
GARD:0001544	congenitally corrected transposition of the great arteries	ventricular inversion	inversion
GARD:0001564	cranio-osteoarthropathy	cranio osteoarthropathy	osteoarthropathy
GARD:0001629	cutaneous larva migrans	dew itch	itch
GARD:0001629	cutaneous larva migrans	creeping eruption	eruption
GARD:0001802	demodicidosis	demodectic mange	demodectic
GARD:0001802	demodicidosis	demodectic mange	mange
GARD:0001806	dentin dysplasia type ii	pulp stones	pulp
GARD:0001807	dentin dysplasia type i	rootless teeth	rootless
GARD:0001807	dentin dysplasia type i	rootless teeth	teeth
GARD:0001854	hyperdibasic aminoaciduria type 1	dibasic aminoaciduria 1	dibasic
GARD:0001875	diphtheria	Corynebacterium infection	corynebacterium
GARD:0001876	diprosopus	craniofacial duplication	craniofacial
GARD:0001891	distomatosis	fluke infection	fluke
GARD:0001896	isolated cleft palate	cleft palate	palate
GARD:0001904	subcortical band heterotopia	Double cortex	cortex
GARD:0001904	subcortical band heterotopia	heterotopic cortex	heterotopic
GARD:0001975	duplication of urethra	urethral duplication	urethral
GARD:0002027	early-onset generalized limb-onset dystonia	torsion dystonia 1	torsion
GARD:0002068	ectrodactyly-polydactyly syndrome	ectrodactyly polydactyly	ectrodactyly
GARD:0002155	pretibial dystrophic epidermolysis bullosa	Deb, pretibial	pretibial
GARD:0002198	ethylmalonic encephalopathy	encephalopathy, ethylmalonic	encephalopathy
GARD:0002245	tetralogy of fallot	Fallot tetralogy	tetralogy
GARD:0002258	familial porencephaly	hereditary porencephaly	porencephaly
GARD:0002361	formaldehyde poisoning	formaldehyde exposure	formaldehyde
GARD:0002361	formaldehyde poisoning	formaldehyde exposure	exposure
GARD:0002361	formaldehyde poisoning	formaldehyde toxicity	toxicity
GARD:0002361	formaldehyde poisoning	Formalin toxicity	formalin
GARD:0002419	fused mandibular incisors	Double tooth	tooth
GARD:0002424	galactosemia	galactose intolerance	galactose
GARD:0002436	gastric mucosal hypertrophy	hypertrophic gastropathy	gastropathy
GARD:0002469	large congenital melanocytic nevus	nevus spilus	spilus
GARD:0002474	fibromatosis, gingival, 2	gingival fibromatosis, 2	gingival
GARD:0002475	fibromatosis, gingival, 4	gingival fibromatosis, 4	gingival
GARD:0002546	gonococcal conjunctivitis	conjunctivitis gonococcal	gonococcal
GARD:0002549	Goodman syndrome	Goodman camptodactyly	goodman
GARD:0002555	nonsyndromic congenital nail disorder 3	porcelain nails	porcelain
GARD:0002637	hemimegalencephaly	unilateral megalencephaly	unilateral
GARD:0002684	congenital high-molecular-weight kininogen deficiency	Flaujeac trait	trait
GARD:0002720	holoacardius amorphus	fetus anideus	fetus
GARD:0002783	hydrops fetalis	fetal hydrops	hydrops
GARD:0002783	hydrops fetalis	fetal anasarca	anasarca
GARD:0002828	hyperlysinemia	lysine intolerance	lysine
GARD:0002858	familial hyperthyroidism due to mutations in tsh receptor	Nonautoimmune hyperthyroidism	hyperthyroidism
GARD:0002926	congenital prothrombin deficiency	prothrombin deficiency	prothrombin
GARD:0003071	hypogonadotropic hypogonadism 1 with or without anosmia	anosmic hypogonadism	anosmic
GARD:0003109	Kerion celsi	Trichophyton infection	trichophyton
GARD:0003115	isolated cloverleaf skull syndrome	cloverleaf skull	cloverleaf
GARD:0003115	isolated cloverleaf skull syndrome	cloverleaf skull	skull
GARD:0003123	klumpke's paralysis	Klumpke Palsy	palsy
GARD:0003170	autosomal recessive congenital ichthyosis 1	collodion fetus	collodion
GARD:0003170	autosomal recessive congenital ichthyosis 1	collodion fetus	fetus
GARD:0003188	laryngotracheoesophageal cleft	laryngeal cleft	laryngeal
GARD:0003188	laryngotracheoesophageal cleft	tracheal cleft	tracheal
GARD:0003224	leri-weill dyschondrosteosis	Madelung deformity	deformity
GARD:0003324	lymphatic malformation 5	lymphedema praecox	praecox
GARD:0003329	lymphoblastic lymphoma	lymphoma, lymphoblastic	lymphoblastic
GARD:0003335	lysinuric protein intolerance	dibasic aminoaciduria 2	dibasic
GARD:0003342	macroglossia	enlarged tongue	enlarged
GARD:0003342	macroglossia	enlarged tongue	tongue
GARD:0003342	macroglossia	giant tongue	giant
GARD:0003553	Langer mesomelic dysplasia	dyschondrosteosis, homozygous	homozygous
GARD:0003635	congenital microcoria	pinhole pupils	pinhole
GARD:0003726	chromosome 18 mosaic monosomy	Mosaic monosomy 18	mosaic
GARD:0003787	VIPoma	pancreatic cholera	cholera
GARD:0003829	multiple endocrine neoplasia type 1	men 1	men
GARD:0003862	mycetoma	Madura foot	foot
GARD:0003865	ataxia-pancytopenia syndrome	myelocerebellar disorder	myelocerebellar
GARD:0003879	myoglobinuria, recurrent	myoglobinuria recurrent	recurrent
GARD:0003892	X-linked myopathy with excessive autophagy	vacuolar myopathy	vacuolar
GARD:0003896	inclusion body myositis	inflammatory myopathy	inflammatory
GARD:0003956	chorea-acanthocytosis	Chac	chac
GARD:0003972	mitochondrial dna depletion syndrome 6 (hepatocerebral type)	Navajo neurohepatopathy	navajo
GARD:0003986	familial multiple nevi flammei	capillary malformations	capillary
GARD:0004001	noma	oral gangrene	oral
GARD:0004001	noma	oral gangrene	gangrene
GARD:0004003	maternally-inherited diabetes and deafness	mitochondrial diabetes	mitochondrial
GARD:0004003	maternally-inherited diabetes and deafness	mitochondrial diabetes	diabetes
GARD:0004010	neuronal ceroid lipofuscinosis 8 northern epilepsy variant	Northern epilepsy	northern
GARD:0004015	cleft larynx, posterior	stridor, congenital	stridor
GARD:0004085	poikiloderma with neutropenia	Prurigo Nodularis	prurigo
GARD:0004218	paraomphalocele	Paraomphalocele, epigastric	epigastric
GARD:0004218	paraomphalocele	Paraomphalocele, hypogastric	hypogastric
GARD:0004264	peho syndrome	peho	peho
GARD:0004272	penile agenesis	micropenis	micropenis
GARD:0004273	penoscrotal transposition	Prepenile scrotum	scrotum
GARD:0004344	piebaldism	piebald trait	piebald
GARD:0004344	piebaldism	piebald trait	trait
GARD:0004344	piebaldism	partial albinism	partial
GARD:0004357	late-onset retinal degeneration	pigmentary retinopathy	pigmentary
GARD:0004359	ringed hair disease	pili annulati	pili
GARD:0004359	ringed hair disease	ringed hair	ringed
GARD:0004359	ringed hair disease	ringed hair	hair
GARD:0004361	pili torti	twisted hair	hair
GARD:0004414	polydactyly, postaxial, type a1	polydactyly, postaxial	postaxial
GARD:0004446	cutaneous porphyria	erythropoietic porphyria	erythropoietic
GARD:0004454	postpoliomyelitis syndrome	postpolio sequelae	sequelae
GARD:0004475	familial male-limited precocious puberty	pubertas praecox	praecox
GARD:0004504	X-linked mixed hearing loss with perilymphatic gusher	perceptive deafness	perceptive
GARD:0004504	X-linked mixed hearing loss with perilymphatic gusher	Nance deafness	nance
GARD:0004509	proliferating trichilemmal cyst	Pilar tumor	pilar
GARD:0004509	proliferating trichilemmal cyst	Pilar cyst	cyst
GARD:0004593	congenital pulmonary sequestration	bronchopulmonary sequestration	bronchopulmonary
GARD:0004593	congenital pulmonary sequestration	bronchopulmonary sequestration	sequestration
GARD:0004599	congenital pulmonary venous return anomaly	scimitar anomaly	scimitar
GARD:0004701	alveolar rhabdomyosarcoma	rhabdomyosarcoma, alveolar	alveolar
GARD:0004742	rubella	german measles	german
GARD:0004742	rubella	german measles	measles
GARD:0004742	rubella	Rubella infection	rubella
GARD:0004744	congenital rubella syndrome	Rubella, Congenital	rubella
GARD:0004774	succinyl-coa:3-ketoacid coa transferase deficiency	scot deficiency	scot
GARD:0004818	shigellosis	Shigella dysentery	dysentery
GARD:0004818	shigellosis	japanese dysentery	japanese
GARD:0004818	shigellosis	bacillary dysentery	bacillary
GARD:0004877	solitary median maxillary central incisor syndrome	Fused incisors	fused
GARD:0004883	situs inversus	laterality sequence	laterality
GARD:0004883	situs inversus	situs ambiguus	situs
GARD:0004908	inherited torticollis	congenital wryneck	wryneck
GARD:0004945	spinal muscular atrophy, type ii	Sma 2	sma
GARD:0004971	spondyloarthropathy	seronegative spondyloarthropathy	seronegative
GARD:0004997	familial spontaneous pneumothorax	spontaneous pneumothorax	spontaneous
GARD:0004997	familial spontaneous pneumothorax	spontaneous pneumothorax	pneumothorax
GARD:0005003	sebocystomatosis	steatocystoma multiplex	multiplex
GARD:0005012	sternal cleft	cleft sternum	sternum
GARD:0005021	otospondylomegaepiphyseal dysplasia, autosomal dominant	osmed, heterozygous	heterozygous
GARD:0005084	cenani-lenz syndactyly syndrome	Cenani syndactylism	syndactylism
GARD:0005144	tetanus	clostridial tetanus	clostridial
GARD:0005144	tetanus	clostridial tetanus	tetanus
GARD:0005144	tetanus	lockjaw	lockjaw
GARD:0005151	tetraploidy syndrome	tetraploidy	tetraploidy
GARD:0005153	duplication/inversion 15q11	idic(15)	idic
GARD:0005153	duplication/inversion 15q11	inverted duplication 15	inverted
GARD:0005233	tracheal agenesis	tracheal absence	tracheal
GARD:0005233	tracheal agenesis	tracheal absence	absence
GARD:0005258	trichohepatoenteric syndrome	phenotypic diarrhea	phenotypic
GARD:0005270	trichothiodystrophy 1, photosensitive	trichothiodystrophy, photosensitive	photosensitive
GARD:0005332	chromosome 20 trisomy	mosaic trisomy 20	mosaic
GARD:0005392	galactose epimerase deficiency	gale deficiency	gale
GARD:0005443	vacterl/vater association	vacterl association	association
GARD:0005470	congenital velopharyngeal incompetence	palatopharyngeal incompetence	palatopharyngeal
GARD:0005488	congenital vertical talus	vertical talus	vertical
GARD:0005488	congenital vertical talus	vertical talus	talus
GARD:0005494	viral hemorrhagic fever	hemorrhagic fever	hemorrhagic
GARD:0005494	viral hemorrhagic fever	haemorrhagic fever	haemorrhagic
GARD:0005506	vitreoretinal degeneration	degenerative vitreoretinopathy	degenerative
GARD:0005597	isolated familial wooly hair disorder	woolly hair	hair
GARD:0005648	photosensitive epilepsy	photoparoxysmal response	response
GARD:0005648	photosensitive epilepsy	photogenic epilepsy	photogenic
GARD:0005680	46,XY disorder of sex development due to 5-alpha-reductase 2 deficiency	micropenis	micropenis
GARD:0005692	partial androgen insensitivity syndrome	pais	pais
GARD:0005693	reactive arthritis	postdysenteric arthropathy	postdysenteric
GARD:0005693	reactive arthritis	postdysenteric arthropathy	arthropathy
GARD:0005695	retinopathy of prematurity	premature retinopathy	premature
GARD:0005699	rheumatic fever	inflammatory rheumatism	inflammatory
GARD:0005699	rheumatic fever	inflammatory rheumatism	rheumatism
GARD:0005700	rickets	nutritional rickets	nutritional
GARD:0005714	glycogen storage disease ii	Aglucosidase alfa	alfa
GARD:0005717	acquired agranulocytosis	agranulocytic angina	angina
GARD:0005725	acromegaly	pituitary giant	giant
GARD:0005728	actinomycosis	Actinomyces israeli	actinomyces
GARD:0005728	actinomycosis	Actinomyces israeli	israeli
GARD:0005728	actinomycosis	actinomycotic mycetema	actinomycotic
GARD:0005728	actinomycosis	boil	boil
GARD:0005741	combined carcinoid and adenocarcinoma	composite carcinoid	composite
GARD:0005749	Holmes-Adie syndrome	tonic pupil	tonic
GARD:0005749	Holmes-Adie syndrome	tonic pupil	pupil
GARD:0005775	alkaptonuria	homogentisic acidura	homogentisic
GARD:0005803	androgen insensitivity syndrome	testicular feminization	feminization
GARD:0005808	anencephaly 1	anencephaly	anencephaly
GARD:0005813	liver angiosarcoma	Lias	lias
GARD:0005819	testicular agenesis	anorchia	anorchia
GARD:0005819	testicular agenesis	bilateral anorchia	bilateral
GARD:0005819	testicular agenesis	empty scrotum	empty
GARD:0005819	testicular agenesis	empty scrotum	scrotum
GARD:0005828	aorta coarctation	aortic coarctation	aortic
GARD:0005828	aorta coarctation	aortic coarctation	coarctation
GARD:0005833	Apert syndrome	syndactylic oxycephaly	syndactylic
GARD:0005833	Apert syndrome	syndactylic oxycephaly	oxycephaly
GARD:0005881	bacterial meningitis	meningitis, bacterial	bacterial
GARD:0005885	Balo concentric sclerosis	concentric demyelination	concentric
GARD:0005885	Balo concentric sclerosis	Marburg variant	variant
GARD:0005888	congestive splenomegaly	fibrocongestive splenomegaly	splenomegaly
GARD:0005893	Bartter syndrome	Potassium wasting	potassium
GARD:0005893	Bartter syndrome	Potassium wasting	wasting
GARD:0005896	migraine with brainstem aura	vertebrobasilar migraine	vertebrobasilar
GARD:0005896	migraine with brainstem aura	vertebrobasilar migraine	migraine
GARD:0005896	migraine with brainstem aura	basilar migraine	basilar
GARD:0005900	Becker muscular dystrophy	Becker dystrophinopathy	becker
GARD:0005905	bejel	nonvenereal syphilis	nonvenereal
GARD:0005905	bejel	nonvenereal syphilis	syphilis
GARD:0005905	bejel	endemic syphilis	endemic
GARD:0005913	mucous membrane pemphigoid	mucosal pemphigoid	mucosal
GARD:0005913	mucous membrane pemphigoid	ocular pemphigus	ocular
GARD:0005913	mucous membrane pemphigoid	cicatricial pemphigoid	cicatricial
GARD:0005961	bronchiolitis obliterans syndrome	organized pneumonia	organized
GARD:0005966	brucellosis	Gibraltar fever	gibraltar
GARD:0005966	brucellosis	Maltese fever	maltese
GARD:0005966	brucellosis	Mediterranean fever	mediterranean
GARD:0005966	brucellosis	Rock fever	rock
GARD:0005966	brucellosis	undulant fever	undulant
GARD:0005969	thromboangiitis obliterans	presenile gangrene	presenile
GARD:0005969	thromboangiitis obliterans	presenile gangrene	gangrene
GARD:0005974	burning mouth syndrome	stomatodynia	stomatodynia
GARD:0006004	cartilage cancer	cartilaginous cancer	cartilaginous
GARD:0006039	child syndrome	child nevus	child
GARD:0006043	cholera	Vibrio cholerae	vibrio
GARD:0006121	Coats disease	exudative retinopathy	exudative
GARD:0006121	Coats disease	retinal telangiectasis	telangiectasis
GARD:0006122	Cockayne syndrome	progeroid nanism	nanism
GARD:0006148	hereditary antithrombin deficiency	Antithrombin Deficiency	antithrombin
GARD:0006183	congenital sucrase-isomaltase deficiency	disaccharide intolerance, 1	disaccharide
GARD:0006218	cryptococcosis	torula	torula
GARD:0006227	cutis laxa	loose skin	loose
GARD:0006229	cyclic hematopoiesis	neutropenia, periodic	periodic
GARD:0006254	dengue disease	classical dengue	dengue
GARD:0006254	dengue disease	hemorrhagic dengue	hemorrhagic
GARD:0006275	diastrophic dysplasia	diastrophic dwarfism	diastrophic
GARD:0006276	diencephalic syndrome	diencephalic cachexia	diencephalic
GARD:0006276	diencephalic syndrome	diencephalic cachexia	cachexia
GARD:0006313	Ebstein anomaly	Ebstein malformation	malformation
GARD:0006319	split hand-foot malformation	ectrodactyly	ectrodactyly
GARD:0006322	Ehlers-Danlos syndrome	elastic skin	elastic
GARD:0006333	isolated encephalocele	bifid cranium	bifid
GARD:0006333	isolated encephalocele	bifid cranium	cranium
GARD:0006337	infective endocarditis	endocarditis, infective	infective
GARD:0006398	bladder exstrophy	ectopia vesicae	vesicae
GARD:0006408	classic familial adenomatous polyposis	polyposis coli	coli
GARD:0006427	farmer's lung disease	farmer lung	farmer
GARD:0006458	dystonia, focal, task-specific	occupational cramp	occupational
GARD:0006458	dystonia, focal, task-specific	occupational cramp	cramp
GARD:0006465	Fraser syndrome	cyclopism	cyclopism
GARD:0006481	autoerythrocyte sensitization syndrome	psychogenic purpura	psychogenic
GARD:0006481	autoerythrocyte sensitization syndrome	Autoerythrocyte sensitization	sensitization
GARD:0006497	pemphigoid gestationis	gestational pemphigoid	gestational
GARD:0006498	gestational trophoblastic neoplasm	hydatidiform mole	hydatidiform
GARD:0006498	gestational trophoblastic neoplasm	molar pregnancy	pregnancy
GARD:0006506	pituitary gigantism	gigantism	gigantism
GARD:0006506	pituitary gigantism	hypophyseal gigantism	hypophyseal
GARD:0006509	fibromatosis, gingival, 1	gingival fibromatosis, 1	gingival
GARD:0006513	glioma	glial tumour	glial
GARD:0006513	glioma	neuroglial tumor	neuroglial
GARD:0006521	glucose-galactose malabsorption	monosaccharide malabsorption	monosaccharide
GARD:0006522	glutaryl-coa dehydrogenase deficiency	glutaric acidemia 1	glutaric
GARD:0006523	multiple acyl-coa dehydrogenase deficiency	glutaric aciduria 2	glutaric
GARD:0006542	gorham-stout disease	osteolysis, massive	massive
GARD:0006556	ornithine aminotransferase deficiency	gyrate atrophy	gyrate
GARD:0006556	ornithine aminotransferase deficiency	hoga	hoga
GARD:0006568	autosomal recessive congenital ichthyosis 4B	'Harlequin fetus'	harlequin
GARD:0006568	autosomal recessive congenital ichthyosis 4B	'Harlequin fetus'	fetus
GARD:0006621	hereditary elliptocytosis	Hashimoto Encephalopathy	encephalopathy
GARD:0006622	hereditary fructose intolerance	fructose intolerance	fructose
GARD:0006632	hereditary chronic pancreatitis	pancreatitis, calcific	calcific
GARD:0006657	chronic hiccup	Hiccups, intractable	intractable
GARD:0006657	chronic hiccup	intractable singultus	singultus
GARD:0006657	chronic hiccup	persistent hiccups	persistent
GARD:0006660	Hirschsprung disease	congenital megacolon	megacolon
GARD:0006660	Hirschsprung disease	aganglionic megacolon	aganglionic
GARD:0006661	histidinemia	Hal deficiency	hal
GARD:0006677	Huntington disease	Huntington chorea	chorea
GARD:0006731	dilution, pigmentary	albinism, partial	partial
GARD:0006734	hypophosphatasia	hypophosphatasia mild	mild
GARD:0006763	pulmonary hemosiderosis	brown induration	brown
GARD:0006763	pulmonary hemosiderosis	brown induration	induration
GARD:0006769	imperforate anus	anorectal malformations	anorectal
GARD:0006769	imperforate anus	anus, imperforate	anus
GARD:0006769	imperforate anus	anus, imperforate	imperforate
GARD:0006789	intestinal pseudo-obstruction	intestinal pseudoobstruction	intestinal
GARD:0006789	intestinal pseudo-obstruction	intestine pseudoobstruction	intestine
GARD:0006795	right atrial isomerism	right isomerism	isomerism
GARD:0006797	Japanese encephalitis	Encephalitis, Japanese	japanese
GARD:0006805	juvenile dermatomyositis	myoseptum inflammation	myoseptum
GARD:0006817	kearns-sayre syndrome	mitochondrial Cytopathy	mitochondrial
GARD:0006830	bilirubin encephalopathy	hyperbilirubinemic encephalopathy	encephalopathy
GARD:0006862	laryngeal carcinoma	laryngeal cancer	laryngeal
GARD:0006874	legg-calve-perthes disease	coxa plana	coxa
GARD:0006882	Lemierre syndrome	postanginal sepsis	sepsis
GARD:0006893	leukocyte adhesion deficiency 1	lad 1	lad
GARD:0006919	locked-in syndrome	Cerebromedullospinal disconnection	disconnection
GARD:0006964	malignant hyperthermia of anesthesia	malignant hyperpyrexia	hyperpyrexia
GARD:0006964	malignant hyperthermia of anesthesia	malignant hyperthermia	hyperthermia
GARD:0006987	mastocytosis	urticaria pigmentosa	urticaria
GARD:0007021	mercury poisoning	hydrargyria	hydrargyria
GARD:0007021	mercury poisoning	mercurialism	mercurialism
GARD:0007021	mercury poisoning	Mercury toxicity	mercury
GARD:0007021	mercury poisoning	Mercury toxicity	toxicity
GARD:0007058	localized scleroderma	localised morphea	morphea
GARD:0007060	chromosome 16 trisomy	mosaic trisomy 16	mosaic
GARD:0007079	multiple system atrophy	hypotension, orthostatic	hypotension
GARD:0007079	multiple system atrophy	hypotension, orthostatic	orthostatic
GARD:0007096	mucopolysaccharidosis type 7	Gus deficiency	gus
GARD:0007137	myocarditis	myocardial inflammation	myocardial
GARD:0007137	myocarditis	myocardium inflammation	myocardium
GARD:0007162	narcolepsy-cataplexy syndrome	narcolepsy type 1	narcolepsy
GARD:0007163	nasopharyngeal carcinoma	nasopharyngeal cancer	nasopharyngeal
GARD:0007170	Nelson syndrome	dermal Ridges	dermal
GARD:0007182	Netherton syndrome	neth	neth
GARD:0007210	nocardiosis	Nocardia infection	nocardia
GARD:0007224	Norrie disease	Episkopi blindness	blindness
GARD:0007252	onchocerciasis	River blindness	blindness
GARD:0007325	paramyotonia congenita of von eulenburg	paramyotonia congenita	paramyotonia
GARD:0007329	parathyroid gland carcinoma	parathyroid cancer	parathyroid
GARD:0007338	facial hemiatrophy	hemifacial atrophy	hemifacial
GARD:0007347	peeling skin syndrome	deciduous skin	deciduous
GARD:0007353	pemphigus and fogo selvagem	Brazilian pemphigus	brazilian
GARD:0007353	pemphigus and fogo selvagem	fogo selvagem	fogo
GARD:0007353	pemphigus and fogo selvagem	wildfire pemphigus	wildfire
GARD:0007353	pemphigus and fogo selvagem	wild fire	wild
GARD:0007359	pentalogy of cantrell	Cantrell deformity	deformity
GARD:0007359	pentalogy of cantrell	Cantrell pentalogy	pentalogy
GARD:0007378	peutz-jeghers syndrome	lentiginosis, perioral	perioral
GARD:0007383	phenylketonuria	phenylketonuria, maternal	maternal
GARD:0007397	pinta disease	pinta	pinta
GARD:0007397	pinta disease	Tina	tina
GARD:0007397	pinta disease	Lota	lota
GARD:0007399	isolated growth hormone deficiency type ia	primordial dwarfism	primordial
GARD:0007411	POEMS syndrome	polyneuropathy organomegaly	polyneuropathy
GARD:0007413	poliomyelitis	polio	polio
GARD:0007417	relapsing polychondritis	chondromalacia, systemic	chondromalacia
GARD:0007422	acquired polycythemia vera	polycythemia vera	vera
GARD:0007465	Prinzmetal angina	angina inversa	angina
GARD:0007465	Prinzmetal angina	variant angina	variant
GARD:0007467	hutchinson-gilford progeria syndrome	progeria	progeria
GARD:0007473	prolidase deficiency	Peptidase deficiency	peptidase
GARD:0007482	butyrylcholinesterase deficiency	succinylcholine sensitivity	sensitivity
GARD:0007482	butyrylcholinesterase deficiency	apnea, postanesthetic	apnea
GARD:0007482	butyrylcholinesterase deficiency	apnea, postanesthetic	postanesthetic
GARD:0007482	butyrylcholinesterase deficiency	cholinesterase 2 deficiency	cholinesterase
GARD:0007488	pseudomyxoma peritonei	gelatinous ascites	gelatinous
GARD:0007488	pseudomyxoma peritonei	gelatinous ascites	ascites
GARD:0007488	pseudomyxoma peritonei	mucinous ascites	mucinous
GARD:0007515	Q fever	quadrilateral fever	quadrilateral
GARD:0007516	rabies	lyssa	lyssa
GARD:0007548	familial renal glucosuria	renal diabetes	diabetes
GARD:0007572	rhabdoid tumor	rhabdoid cancer	rhabdoid
GARD:0007578	Richter syndrome	Richter transformation	transformation
GARD:0007585	rocky mountain spotted fever	Tick typhus	tick
GARD:0007585	rocky mountain spotted fever	Brazilian spotted	brazilian
GARD:0007585	rocky mountain spotted fever	Brazilian spotted	spotted
GARD:0007597	sacral nerve plexus disorder	sacral plexopathy	sacral
GARD:0007607	sarcoidosis	sarcoid	sarcoid
GARD:0007615	scleromyxedema	mucinosis, papular	papular
GARD:0007617	kuru	kuru encephalopathy	encephalopathy
GARD:0007636	Shwartzman phenomenon	Shwartzman reaction	reaction
GARD:0007652	sirenomelia	mermaid malformation	malformation
GARD:0007673	isolated spina bifida	cleft spine	spine
GARD:0007685	split hand-foot malformation 1	ectrodactyly	ectrodactyly
GARD:0007690	Gerstmann-Straussler-Scheinker syndrome	prion dementia	prion
GARD:0007704	gastric cancer	gastric neoplasm	gastric
GARD:0007721	synovial sarcoma	sarcoma, synovial	synovial
GARD:0007737	tay-sachs disease	hexa deficiency	hexa
GARD:0007754	tetrasomy X	tetra X	tetra
GARD:0007754	tetrasomy X	quadruple X	quadruple
GARD:0007782	torsion dystonia 7	dystonia 7, torsion	torsion
GARD:0007793	transient erythroblastopenia of childhood	erythroblastopenia, transient	transient
GARD:0007795	transposition of the great arteries	complete transposition	transposition
GARD:0007798	Treponema infectious disease	bejel	bejel
GARD:0007805	trigeminal neuralgia	Tic douloureux	tic
GARD:0007826	human African trypanosomiasis	sleeping sickness	sickness
GARD:0007831	Turner syndrome	karyotype 45, X	karyotype
GARD:0007831	Turner syndrome	genital dwarfism	genital
GARD:0007848	variegate porphyria	porphyria variegate	variegate
GARD:0007854	vernal keratoconjunctivitis	Spring catarrh	spring
GARD:0007854	vernal keratoconjunctivitis	Spring catarrh	catarrh
GARD:0007871	Wagner disease	erosive vitreoretinopathy	erosive
GARD:0007873	primary intestinal lymphangiectasia	lymphangiectasia, intestinal	intestinal
GARD:0007877	gastric antral vascular ectasia	watermelon stomach	watermelon
GARD:0007881	leptospirosis	canicola fever	canicola
GARD:0007881	leptospirosis	swamp fever	swamp
GARD:0007881	leptospirosis	spirochetal jaundice	spirochetal
GARD:0007881	leptospirosis	spirochetal jaundice	jaundice
GARD:0007881	leptospirosis	harvest fever	harvest
GARD:0007881	leptospirosis	hemorrhagic jaundice	hemorrhagic
GARD:0007885	Werner syndrome	adult progeria	progeria
GARD:0007893	Wilson disease	hepatolenticular degeneration	hepatolenticular
GARD:0007910	xeroderma pigmentosum	atrophoderma pigmentosum	atrophoderma
GARD:0007913	yaws	endemic treponematoses	endemic
GARD:0007914	yellow fever	Yellow Jack	yellow
GARD:0007914	yellow fever	Yellow Jack	jack
GARD:0007914	yellow fever	bronze John	bronze
GARD:0008157	anthrax infection	anthrax	anthrax
GARD:0008173	Achondroplasia	Achondroplastic dwarfism	achondroplastic
GARD:0008173	Achondroplasia	chondrodystrophia	chondrodystrophia
GARD:0008173	Achondroplasia	Achondroplastic physique	physique
GARD:0008204	immunoglobulin a vasculitis	anaphylactoid purpura	anaphylactoid
GARD:0008204	immunoglobulin a vasculitis	vascular purpura	vascular
GARD:0008226	myeloid leukemia	leukaemia myelogenous	myelogenous
GARD:0008233	Gaucher disease	Gaucher splenomegaly	splenomegaly
GARD:0008259	Plummer-Vinson syndrome	dysphagia sideropenica	dysphagia
GARD:0008276	de sanctis-cacchione syndrome	xerodermic idiocy	xerodermic
GARD:0008276	de sanctis-cacchione syndrome	xerodermic idiocy	idiocy
GARD:0008310	myotonic dystrophy type 1	dystrophia myotonica 1	dystrophia
GARD:0008338	PHACE syndrome	Phaces association	association
GARD:0008374	mixed dust pneumoconiosis	labrador lung	labrador
GARD:0008391	ornithine carbamoyltransferase deficiency	valproate sensitivity	sensitivity
GARD:0008394	hypolipoproteinemia	lipoprotein deficiencies	lipoprotein
GARD:0008401	lactocele	lacteal cyst	lacteal
GARD:0008401	lactocele	lacteal cyst	cyst
GARD:0008424	iminoglycinuria	iminoglycinuria, digenic	digenic
GARD:0008438	isolated anterior cervical hypertrichosis	hairy throat	hairy
GARD:0008472	muckle-wells syndrome	neutrophilic urticaria	neutrophilic
GARD:0008472	muckle-wells syndrome	neutrophilic urticaria	urticaria
GARD:0008535	central hypoventilation syndrome, congenital, 1, with or without Hirschsprung disease	Ondine curse	ondine
GARD:0008535	central hypoventilation syndrome, congenital, 1, with or without Hirschsprung disease	Ondine curse	curse
GARD:0008562	Seckel syndrome	nanocephalic Dwarfism	nanocephalic
GARD:0008576	Balkan nephropathy	endemic nephropathy	endemic
GARD:0008576	Balkan nephropathy	endemic nephropathy	nephropathy
GARD:0008598	gastrointestinal stromal tumor	gist	gist
GARD:0008598	gastrointestinal stromal tumor	gant	gant
GARD:0008644	alveolar capillary dysplasia with misalignment of pulmonary veins	fetal circulation	circulation
GARD:0008660	Gerstmann syndrome	Gerstmann tetrad	tetrad
GARD:0008661	gastroschisis	eventration	eventration
GARD:0008709	patella aplasia/hypoplasia	absent patella	absent
GARD:0008709	patella aplasia/hypoplasia	absent patella	patella
GARD:0008720	axial spondylometaphyseal dysplasia	axial SmD	axial
GARD:0008729	neurosyphilis	late neurosyphilis	neurosyphilis
GARD:0008729	neurosyphilis	tertiary neurosyphilis	tertiary
GARD:0008730	tabes dorsalis	syphilitic myelopathy	syphilitic
GARD:0008730	tabes dorsalis	syphilitic myelopathy	myelopathy
GARD:0008731	syphilitic meningitis	meningeal syphilis	syphilis
GARD:0008731	syphilitic meningitis	meningitis, syphilitic	syphilitic
GARD:0008737	idiopathic hypersomnia	primary hypersomnia	hypersomnia
GARD:0008759	ocular cicatricial pemphigoid	ocular pemphigoid	ocular
GARD:0009143	retinoschisis of fovea	foveal retinoschisis	foveal
GARD:0009174	kufor-rakeb syndrome	park 9	park
GARD:0009176	pyogenic arthritis-pyoderma gangrenosum-acne syndrome	papa	papa
GARD:0009179	north carolina macular dystrophy	caped	caped
GARD:0009180	idiopathic membranous glomerulonephritis	glomerulonephritis, membranous	membranous
GARD:0009218	aurocephalosyndactyly	aural cephalosyndactyly	aural
GARD:0009255	developmental and epileptic encephalopathy	infantile spasm	spasm
GARD:0009266	cutaneous neuroendocrine carcinoma	trabecular cancer	trabecular
GARD:0009298	pyridoxine-dependent epilepsy	pyridoxine dependency	dependency
GARD:0009334	hypopharynx cancer	hypopharyngeal cancer	hypopharyngeal
GARD:0009348	vaginal carcinoma	vagina cancer	vagina
GARD:0009348	vaginal carcinoma	vaginal cancer	vaginal
GARD:0009349	vulvar carcinoma	vulvar cancer	vulvar
GARD:0009358	oropharynx cancer	oropharyngeal cancer	oropharyngeal
GARD:0009366	penile cancer	penile Ca	penile
GARD:0009390	urethra cancer	urethral cancer	urethral
GARD:0009400	tako-tsubo cardiomyopathy	stress cardiomyopathy	stress
GARD:0009400	tako-tsubo cardiomyopathy	ballooning cardiomyopathy	ballooning
GARD:0009400	tako-tsubo cardiomyopathy	ampulla cardiomyopathy	ampulla
GARD:0009450	familial juvenile hypertrophy of the breast	juvenile macromastia	macromastia
GARD:0009486	isolated congenital anosmia	anosmia, congenital	anosmia
GARD:0009497	ichthyosis histrix, Lambert type	porcupine Man	porcupine
GARD:0009497	ichthyosis histrix, Lambert type	porcupine Man	man
GARD:0009501	hereditary geniospasm	trembling Chin	trembling
GARD:0009501	hereditary geniospasm	trembling Chin	chin
GARD:0009513	linear scleroderma	linear morphea	linear
GARD:0009513	linear scleroderma	linear morphea	morphea
GARD:0009514	benign breast phyllodes tumor	cystosarcoma phyllode	phyllode
GARD:0009515	linear porokeratosis	Porokeratosis, Linear	linear
GARD:0009525	coccidioidomycosis	Valley fever	valley
GARD:0009525	coccidioidomycosis	Coccidioides infection	coccidioides
GARD:0009525	coccidioidomycosis	desert fever	desert
GARD:0009525	coccidioidomycosis	desert rheumatism	rheumatism
GARD:0009546	melioidosis	pseudoglanders	pseudoglanders
GARD:0009560	toxic shock syndrome	toxic shock	toxic
GARD:0009560	toxic shock syndrome	toxic shock	shock
GARD:0009564	typhoid fever	typhoid	typhoid
GARD:0009630	torsion dystonia 6	dystonia 6, torsion	torsion
GARD:0009642	autosomal recessive juvenile Parkinson disease 2	juvenile parkinsonism	parkinsonism
GARD:0009687	schistosomiasis	Bilharzia	bilharzia
GARD:0009687	schistosomiasis	snail fever	snail
GARD:0009707	familial cylindromatosis	turban tumour	turban
GARD:0009728	myotonic dystrophy type 2	myotonic dystrophy 2	myotonic
GARD:0009728	myotonic dystrophy type 2	dystrophia myotonica 2	dystrophia
GARD:0009736	congenital non-bullous ichthyosiform erythroderma	alligator skin	alligator
GARD:0009744	atrophoderma vermiculata	atrophoderma vermiculatum	atrophoderma
GARD:0009744	atrophoderma vermiculata	honeycomb atrophy	honeycomb
GARD:0009747	cercarial dermatitis	duck Itch	itch
GARD:0009747	cercarial dermatitis	lake Itch	lake
GARD:0009748	systemic sclerosis	Scleroderma	scleroderma
GARD:0009749	limited systemic sclerosis	Scleroderma, sine	sine
GARD:0009760	nonsyndromic congenital nail disorder 2	spoon nails	spoon
GARD:0009790	anterior ischemic optic neuropathy	aion	aion
GARD:0009798	auriculocondylar syndrome	dysgnathia complex	complex
GARD:0009806	autosomal dominant vibratory urticaria	dermodistortive urticaria	urticaria
GARD:0009806	autosomal dominant vibratory urticaria	angioedema, vibratory	vibratory
GARD:0009890	autosomal dominant optic atrophy, classic form	optic atrophy 1	optic
GARD:0009911	fibromatosis, gingival, 3	gingival fibromatosis, 3	gingival
GARD:0009941	facioscapulohumeral muscular dystrophy	facioscapulohumeral myopathy	facioscapulohumeral
GARD:0009952	congenital primary aphakia	congenital aphakia	aphakia
GARD:0009973	splenic infarction	splenic infarct	infarct
GARD:0009987	severe combined immunodeficiency due to dclre1c deficiency	artemis deficiency	artemis
GARD:0010014	pellagra	niacin deficiency	niacin
GARD:0010026	piriformis syndrome	wallet sciatica	wallet
GARD:0010026	piriformis syndrome	wallet sciatica	sciatica
GARD:0010035	prosopagnosia, hereditary	face blindness	face
GARD:0010035	prosopagnosia, hereditary	face blindness	blindness
GARD:0010035	prosopagnosia, hereditary	developmental prosopagnosia	developmental
GARD:0010074	nephropathic cystinosis	cystinosis, nephropathic	nephropathic
GARD:0010091	Sotos syndrome	cerebral gigantism	gigantism
GARD:0010138	torsion dystonia 4	whispering dysphonia	whispering
GARD:0010138	torsion dystonia 4	whispering dysphonia	dysphonia
GARD:0010156	congenital chylothorax	chylothorax, congenital	chylothorax
GARD:0010156	congenital chylothorax	hydrothorax, congenital	hydrothorax
GARD:0010263	hydatidiform mole	molar pregnancy	pregnancy
GARD:0010263	hydatidiform mole	hydatid mole	hydatid
GARD:0010264	spinal meningioma	meningioma, spine	spine
GARD:0010291	linear nevus sebaceous syndrome	organoid Nevus	organoid
GARD:0010299	22q11.2 deletion syndrome	catch 22	catch
GARD:0010319	autosomal dominant prognathism	prognathism mandibular	prognathism
GARD:0010319	autosomal dominant prognathism	prognathism mandibular	mandibular
GARD:0010353	inherited porphyria	porphyria	porphyria
GARD:0010363	nonsyndromic congenital nail disorder 1	nail Growth	nail
GARD:0010363	nonsyndromic congenital nail disorder 1	nail Growth	growth
GARD:0010363	nonsyndromic congenital nail disorder 1	sandpaper nails	sandpaper
GARD:0010372	diarrhea-vomiting due to trehalase deficiency	trehalase deficiency	trehalase
GARD:0010372	diarrhea-vomiting due to trehalase deficiency	trehalose intolerance	trehalose
GARD:0010401	retinitis pigmentosa 30	macular Degeneration	macular
GARD:0010414	goblet cell carcinoma	mucinous carcinoid	mucinous
GARD:0010427	X-linked hypohidrotic ectodermal dysplasia	ectodermal dysplasia 1	ectodermal
GARD:0010468	myocardial rupture	Heart Rupture	rupture
GARD:0010470	BK-virus nephropathy	Polyomavirus nephropathy	nephropathy
GARD:0010494	meconium aspiration syndrome	aspiration, meconium	aspiration
GARD:0010494	meconium aspiration syndrome	aspiration, meconium	meconium
GARD:0010494	meconium aspiration syndrome	meconium inhalation	inhalation
GARD:0010504	craniorachischisis	cranial rachischisis	cranial
GARD:0010504	craniorachischisis	cranial rachischisis	rachischisis
GARD:0010505	cryptophthalmia	cryptophthalmos	cryptophthalmos
GARD:0010550	Mycobacterium xenopi infection	Mycobacterium xenopi	mycobacterium
GARD:0010559	primary interstitial lung disease specific to childhood	child	child
GARD:0010618	spondyloepimetaphyseal dysplasia, missouri type	metaphyseal anadysplasia 1	metaphyseal
GARD:0010630	congenital diarrhea 5 with tufting enteropathy	tufting enteropathy	tufting
GARD:0010630	congenital diarrhea 5 with tufting enteropathy	tufting enteropathy	enteropathy
GARD:0010634	anaplastic ependymoma	ependymal tumors	ependymal
GARD:0010708	pontocerebellar hypoplasia type 3	clam	clam
GARD:0010715	diploid-triploid mosaicism	Mosaic triploidy	mosaic
GARD:0010715	diploid-triploid mosaicism	Mosaic triploidy	triploidy
GARD:0010726	spondylocostal dysostosis 1, autosomal recessive	vertebral anomalies	vertebral
GARD:0010731	McLeod neuroacanthocytosis syndrome	McLeod phenotype	phenotype
GARD:0010763	Duane syndrome type 1	Duane anomaly	duane
GARD:0010767	MOGS-congenital disorder of glycosylation	glucosidase 1 deficiency	glucosidase
GARD:0010768	familial or sporadic hemiplegic migraine	hemiplegic migraine	hemiplegic
GARD:0010768	familial or sporadic hemiplegic migraine	hemiplegic migraine	migraine
GARD:0010792	semantic dementia	dementia, frontotemporal	frontotemporal
GARD:0010792	semantic dementia	Pick Complex	complex
GARD:0010815	thrombophilia due to thrombin defect	Venous thromboembolism	venous
GARD:0010875	visceral heterotaxy	heterotaxia	heterotaxia
GARD:0010875	visceral heterotaxy	situs ambiguus	situs
GARD:0010875	visceral heterotaxy	heterotaxy, visceral	visceral
GARD:0010875	visceral heterotaxy	lateralization defect	lateralization
GARD:0010875	visceral heterotaxy	situs ambiguous	ambiguous
GARD:0010876	congenital radioulnar synostosis	radioulnar fusion	fusion
GARD:0010945	short stature-optic atrophy-Pelger-HuC+t anomaly syndrome	soph	soph
GARD:0010985	left ventricular noncompaction	spongy myocardium	spongy
GARD:0010985	left ventricular noncompaction	spongy myocardium	myocardium
GARD:0011004	linear and whorled nevoid hypermelanosis	zosteriform hyperpigmentation	zosteriform
GARD:0011004	linear and whorled nevoid hypermelanosis	zosteriform hyperpigmentation	hyperpigmentation
GARD:0011004	linear and whorled nevoid hypermelanosis	Becker Nevus	becker
GARD:0011890	peroxisome biogenesis disorder	Zellweger spectrum	spectrum
GARD:0011973	angioimmunoblastic t-cell lymphoma	immunoblastic lymphadenopathy	lymphadenopathy
GARD:0012062	visual snow syndrome	visual snow	visual
GARD:0012074	craniofacial microsomia	oculoauriculovertebral spectrum	spectrum
GARD:0012117	autosomal recessive primary microcephaly	microcephaly vera	vera
GARD:0012117	autosomal recessive primary microcephaly	microcephalia vera	microcephalia
GARD:0012151	Norwegian scabies	crusted scabies	scabies
GARD:0012244	new-onset refractory status epilepticus	Norse	norse
GARD:0012311	congenital lactase deficiency	disaccharide intolerance 2	disaccharide
GARD:0012384	hypopigmentation-punctate palmoplantar keratoderma syndrome	guttate hypopigmentation	guttate
GARD:0012469	glutaric acidemia type 3	glutaric aciduria 3	glutaric
GARD:0012480	tetrasomy 21	tetrasomy type 21	tetrasomy
GARD:0012494	aromatase excess syndrome	gynecomastia, hereditary	gynecomastia
GARD:0012642	frontorhiny	frontonasal malformation	malformation
GARD:0012648	isolated congenital megalocornea	megalocornea	megalocornea
GARD:0012671	pernicious anemia	anemia pernicious	pernicious
GARD:0012740	non-amyloid fibrillary glomerulopathy	Fibrillary Glomerulonephritis¬†	fibrillary
GARD:0012765	transient myeloproliferative syndrome	leukemia, transient	transient
GARD:0012771	Preaxial polydactyly of toes	bifid halluces	bifid
GARD:0012771	Preaxial polydactyly of toes	bifid hallux	hallux
GARD:0012779	familial retinal arterial macroaneurysm	Fram	fram
GARD:0012784	livedoid vasculopathy	white atrophy	white
GARD:0012796	dentinogenesis imperfecta type 2	Capdepont teeth	teeth
GARD:0012796	dentinogenesis imperfecta type 2	opalescent dentin	opalescent
GARD:0012796	dentinogenesis imperfecta type 2	opalescent dentin	dentin
GARD:0012889	childhood apraxia of speech	articulatory apraxia	articulatory
GARD:0012889	childhood apraxia of speech	articulatory apraxia	apraxia
GARD:0012924	preeclampsia	preeclampsia/eclampsia	eclampsia
GARD:0012924	preeclampsia	gestational hypertension	gestational
GARD:0012924	preeclampsia	gestational hypertension	hypertension
GARD:0012927	sudden sensorineural hearing loss	sudden deafness	sudden
GARD:0013072	intestinal hypomagnesemia 1	hypomagnesemic tetany	tetany
GARD:0013072	intestinal hypomagnesemia 1	hypomagnesemia 1, intestinal	intestinal
GARD:0013073	nevus comedonicus syndrome	comedo Nevus	comedo
GARD:0013108	mirage syndrome	mirage	mirage
GARD:0013160	rhizomelic chondrodysplasia punctata	rhizomelic dwarfism	rhizomelic
GARD:0013169	spondyloepiphyseal dysplasia with congenital joint dislocations	Omani type	omani
GARD:0013209	pituitary stalk interruption syndrome	ectopic neurohypophysis	ectopic
GARD:0013209	pituitary stalk interruption syndrome	ectopic neurohypophysis	neurohypophysis
GARD:0013293	platelet-type bleeding disorder 11	glycoprotein 6 deficiency	glycoprotein
GARD:0013337	idiopathic interstitial pneumonia	noninfectious pneumonia	noninfectious
GARD:0013388	Berardinelli-Seip congenital lipodystrophy	lipoatrophic diabetes	diabetes
GARD:0013591	postural orthostatic tachycardia syndrome	irritable heart	irritable
GARD:0013591	postural orthostatic tachycardia syndrome	orthostatic intolerance	orthostatic
GARD:0013629	drug rash with eosinophilia and systemic symptoms	dress	dress
GARD:0013639	classic galactosemia	galt deficiency	galt
GARD:0015003	protein-losing enteropathy	enteropathy, exudative	enteropathy
GARD:0015003	protein-losing enteropathy	enteropathy, exudative	exudative
GARD:0015015	achromatopsia	Pingelapese blindness	blindness
GARD:0015015	achromatopsia	monochromatism	monochromatism
GARD:0015040	nonsyndromic congenital nail disorder 6	anonychia, partial	partial
GARD:0015045	breasts and/or nipples, aplasia or hypoplasia of, 1	amazia	amazia
GARD:0015045	breasts and/or nipples, aplasia or hypoplasia of, 1	amastia	amastia
GARD:0015051	familial cold autoinflammatory syndrome 1	cold hypersensitivity	hypersensitivity
GARD:0015059	digitotalar dysmorphism; ulnar drift, hereditary	digitotalar dysmorphism	dysmorphism
GARD:0015060	basal laminar drusen	cuticular drusen	cuticular
GARD:0015065	photoparoxysmal response 1	epilepsy, photogenic	photogenic
GARD:0015065	photoparoxysmal response 1	photosensitivity	photosensitivity
GARD:0015065	photoparoxysmal response 1	Photoconvulsive reaction	reaction
GARD:0015086	mirror movements 1	bimanual synergia	bimanual
GARD:0015086	mirror movements 1	bimanual synergia	synergia
GARD:0015091	narcolepsy 1	cataplexy	cataplexy
GARD:0015107	brain small vessel disease 1 with or without ocular anomalies	porencephaly 1	porencephaly
GARD:0015129	neuropathy, hereditary sensory and autonomic, type 2A	acroosteolysis, neurogenic	neurogenic
GARD:0015143	Seckel syndrome 1	nanocephalic dwarfism	nanocephalic
GARD:0015152	choreatic disease	hereditary chorea	chorea
GARD:0015206	congenital myasthenic syndrome 10	myasthenic myopathy	myasthenic
GARD:0015214	spermatogenic failure 1	Oligosynaptic infertility	infertility
GARD:0015235	spermatogenic failure 4	spermatogenesis arrest	arrest
GARD:0015324	Fanconi anemia complementation group E	face	face
GARD:0015334	prostate cancer, hereditary, 1	prostate cancer 1	prostate
GARD:0015453	congenital myopathy 4b, autosomal recessive	nemaline myopathy 1	nemaline
GARD:0015454	congenital myopathy 23	nemaline myopathy 4	nemaline
GARD:0015528	elliptocytosis 1	4.1- trait	trait
GARD:0015541	hypouricemia, renal, 2	gout susceptibility 2	gout
GARD:0015541	hypouricemia, renal, 2	gout susceptibility 2	susceptibility
GARD:0015672	agammaglobulinemia 2, autosomal recessive	lambda 5 deficiency	lambda
GARD:0015783	narcolepsy 7	narcolepsy type 7	narcolepsy
GARD:0015808	porencephaly 2	porencephaly type 2	porencephaly
GARD:0016010	atrial fibrillation, familial, 15	atrial fibrillation 15	atrial
GARD:0016222	MYPN-related myopathy	nemaline myopathy 11	nemaline
GARD:0016527	ependymal tumor	ependymal neoplasm	ependymal
GARD:0016533	hypogonadotropic hypogonadism	gonadotropic deficiency	gonadotropic
GARD:0016540	omphalocele	eventration	eventration
GARD:0016548	estrogen resistance syndrome	estrogen insensitivity	estrogen
GARD:0016548	estrogen resistance syndrome	estrogen insensitivity	insensitivity
GARD:0016552	46,xy sex reversal 11	anorchia, familial	anorchia
GARD:0016581	early myoclonic encephalopathy	myoclonus epilepsy	myoclonus
GARD:0016581	early myoclonic encephalopathy	myoclonic seizure	seizure
GARD:0016596	congenital laryngeal web	subglottic Bar	subglottic
GARD:0016596	congenital laryngeal web	subglottic Bar	bar
GARD:0016596	congenital laryngeal web	Laryngeal web	laryngeal
GARD:0016598	macrocephaly-spastic paraplegia-dysmorphism syndrome	Fryns macrocephaly	macrocephaly
GARD:0016599	congenital macroglossia	macroglossia	macroglossia
GARD:0016626	isolated trigonocephaly	nonsyndromic trigonocephaly	trigonocephaly
GARD:0016657	cornea plana	flat cornea	flat
GARD:0016657	cornea plana	flat cornea	cornea
GARD:0016662	parietal foramina	catlin marks	catlin
GARD:0016667	childhood absence epilepsy	absence seizure	absence
GARD:0016667	childhood absence epilepsy	absence seizure	seizure
GARD:0016670	permanent neonatal diabetes mellitus-pancreatic and cerebellar agenesis syndrome	paca	paca
GARD:0016675	mucopolysaccharidosis type 9	hyaluronidase deficiency	hyaluronidase
GARD:0016723	maculopapular cutaneous mastocytosis	urticaria pigmentosa	urticaria
GARD:0016762	atrichia with papular lesions	papular atrichia	papular
GARD:0016762	atrichia with papular lesions	papular atrichia	atrichia
GARD:0016768	blue color blindness	blue colorblindness	blue
GARD:0016768	blue color blindness	colorblindness, tritanopic	tritanopic
GARD:0016772	autosomal dominant progressive nephropathy with hypertension	nephropathy, familial	nephropathy
GARD:0016785	familial pseudohyperkalemia	cryohydrocytosis, mild	mild
GARD:0016797	isolated cryptophthalmia	ankyloblepharon, simple	ankyloblepharon
GARD:0016836	Cayman type cerebellar ataxia	Cayman ataxia	cayman
GARD:0016884	pulverulent cataract	dusty cataract	dusty
GARD:0016906	acetazolamide-responsive myotonia	painful myotonia	painful
GARD:0016907	cleft soft palate	cleft velum	velum
GARD:0016951	choanal atresia	imperforate nares	imperforate
GARD:0016951	choanal atresia	imperforate nares	nares
GARD:0016961	primary intraosseous venous malformation	hemangioma, intraosseous	intraosseous
GARD:0016968	second branchial cleft anomaly	branchial cysts	branchial
GARD:0016971	hemifacial hypertrophy	facial asymmetry	asymmetry
GARD:0016973	paramedian nasal cleft	cleft nose	nose
GARD:0016973	paramedian nasal cleft	alar cleft	alar
GARD:0016987	ane syndrome	anes	anes
GARD:0017028	hot water reflex epilepsy	bathing epilepsy	bathing
GARD:0017029	reading seizures	epilepsy, reading	reading
GARD:0017038	congenital enteropathy due to enteropeptidase deficiency	enterokinase deficiency	enterokinase
GARD:0017062	myofibrillar myopathy 5	muscle filaminopathy	muscle
GARD:0017137	clonic hemifacial spasm	facial hemispasm	facial
GARD:0017137	clonic hemifacial spasm	facial hemispasm	hemispasm
GARD:0017137	clonic hemifacial spasm	hemifacial spasm	hemifacial
GARD:0017137	clonic hemifacial spasm	hemifacial spasm	spasm
GARD:0017143	autosomal recessive optic atrophy, opa7 type	optic atrophy 7	optic
GARD:0017172	15q11q13 microduplication syndrome	autism susceptibility 4	autism
GARD:0017172	15q11q13 microduplication syndrome	autism susceptibility 4	susceptibility
GARD:0017179	isolated thyrotropin-releasing hormone deficiency	tertiary hypothyroidism	tertiary
GARD:0017259	peeling skin syndrome 1	deciduous skin	deciduous
GARD:0017278	goiter, multinodular 1, with or without sertoli-leydig cell tumors	euthyroid goiter	goiter
GARD:0017279	hyperbiliverdinemia	green jaundice	jaundice
GARD:0017305	congenital reticular ichthyosiform erythroderma	erythrokeratoderma, reticular	reticular
GARD:0017338	epithelial recurrent erosion dystrophy	dystrophia Helsinglandica	dystrophia
GARD:0017369	familial cold autoinflammatory syndrome 3	plaid	plaid
GARD:0017416	gastric adenocarcinoma and proximal polyposis of the stomach	polyposis, gastric	gastric
GARD:0017418	intestinal obstruction in the newborn due to guanylate cyclase 2c deficiency	meconium ileus	meconium
GARD:0017418	intestinal obstruction in the newborn due to guanylate cyclase 2c deficiency	meconium ileus	ileus
GARD:0017419	short stature-onychodysplasia-facial dysmorphism-hypotrichosis syndrome	soft	soft
GARD:0017444	myoclonus, familial	familial myoclonus	myoclonus
GARD:0017497	CAPN5-related vitreoretinopathy	proliferative vitreoretinopathy	proliferative
GARD:0017510	actinic prurigo	hydroa aestivale	hydroa
GARD:0017632	foveal hypoplasia - optic nerve decussation defect - anterior segment dysgenesis syndrome	foveal hypoplasia 2	foveal
GARD:0017686	maternal riboflavin deficiency	riboflavin deficiency	riboflavin
GARD:0017692	primary failure of tooth eruption	dental noneruption	dental
GARD:0017692	primary failure of tooth eruption	dental noneruption	noneruption
GARD:0017705	GNPTG-mucolipidosis	mucolipidosis 3 gamma	gamma
GARD:0017709	X-linked colobomatous microphthalmia-microcephaly-intellectual disability-short stature syndrome	Maine microphthalmos	maine
GARD:0017709	X-linked colobomatous microphthalmia-microcephaly-intellectual disability-short stature syndrome	Maine microphthalmos	microphthalmos
GARD:0017715	progressive myoclonic epilepsy type 7	meak	meak
GARD:0017932	oral cavity squamous cell carcinoma	mouth scc	mouth
GARD:0018049	cornea plana 1, autosomal dominant	cornea plana 1	cornea
GARD:0018051	parietal foramina 1	parietal foramina	parietal
GARD:0018051	parietal foramina 1	catlin Marks	catlin
GARD:0018073	hyperpigmentation with or without hypopigmentation, familial progressive	melanosis, universal	universal
GARD:0018161	deafness, aminoglycoside-induced	streptomycin ototoxicity	streptomycin
GARD:0018236	cataract 33	cortical cataract 33	cortical
GARD:0018286	epilepsy, hot water, 1	bathing epilepsy	bathing
GARD:0018357	fibromatosis, gingival, 5	gingival fibromatosis 5	gingival
GARD:0018365	hydatidiform mole, recurrent, 1	hydatidiform mole	hydatidiform
GARD:0018393	preeclampsia/eclampsia 5	corin preeclampsia	corin
GARD:0018418	vesicoureteral reflux 1	Vesicoureteral reflux	reflux
GARD:0018493	chilblain lupus 1	chilblain lupus	chilblain
GARD:0018558	trigonocephaly 1	craniosynostosis, metopic	metopic
GARD:0018558	trigonocephaly 1	trigonocephaly type 1	trigonocephaly
GARD:0018559	trigonocephaly 2	trigonocephaly type 2	trigonocephaly
GARD:0018559	trigonocephaly 2	craniosynostosis, metopic	metopic
GARD:0018582	tumor predisposition syndrome 3	glioma susceptibility 9	susceptibility
GARD:0018615	dilated cardiomyopathy 1A	cardiomyopathy, congestive	congestive
GARD:0018676	amyloidosis	amyloid	amyloid
GARD:0018694	keratosis pilaris atrophicans	honeycomb atrophy	honeycomb
GARD:0018695	systemic lupus erythematosus	Lupus	lupus
GARD:0018702	plague	pest	pest
GARD:0018702	plague	pestilential fever	pestilential
GARD:0018702	plague	black death	black
GARD:0018718	autosomal recessive cerebellar ataxia	arca	arca
GARD:0018720	isolated cerebellar hypoplasia/agenesis	Chiari 4 malformation	malformation
GARD:0018815	neurometabolic disorder due to serine deficiency	serine deficiency	serine
GARD:0018828	serotonin syndrome	serotonin toxicity	toxicity
GARD:0018856	argyria	Silver staining	silver
GARD:0018856	argyria	Silver staining	staining
GARD:0018862	trench fever	fever, trench	trench
GARD:0018862	trench fever	quintan fever	quintan
GARD:0018914	psychogenic movement disorders	psychogenic dystonia	psychogenic
GARD:0018924	myiasis	maggot infestation	maggot
GARD:0018924	myiasis	maggot infestation	infestation
GARD:0018935	inherited obesity	genetic obesity	obesity
GARD:0018935	inherited obesity	monogenic obesity	monogenic
GARD:0019017	premature aging syndrome	premature aging	premature
GARD:0019017	premature aging syndrome	premature aging	aging
GARD:0019022	pemphigus erythematosus	seborrheic pemphigus	seborrheic
GARD:0019026	pili gemini	pili multigemini	pili
GARD:0019031	boutonneuse fever	marseilles fever	marseilles
GARD:0019032	epidemic louse-borne typhus	epidemic typhus	epidemic
GARD:0019032	epidemic louse-borne typhus	sylvatic typhus	sylvatic
GARD:0019033	endemic typhus	murine typhus	murine
GARD:0019033	endemic typhus	shop typhus	shop
GARD:0019033	endemic typhus	urban typhus	urban
GARD:0019035	scrub typhus	tropical typhus	tropical
GARD:0019036	regional odontodysplasia	ghost teeth	ghost
GARD:0019036	regional odontodysplasia	ghost teeth	teeth
GARD:0019038	narcolepsy without cataplexy	narcolepsy type 2	narcolepsy
GARD:0019039	solitary bone cyst	solitary cyst	cyst
GARD:0019042	Colorado tick fever	Mountain fever	mountain
GARD:0019099	radiation myelitis	radiation myelopathy	myelopathy
GARD:0019104	Gaisbock syndrome	polycythemia, emotional	emotional
GARD:0019129	pressure-induced localized lipoatrophy	semicircular lipoatrophy	semicircular
GARD:0019182	ulnar hemimelia	ulnar clubhand	ulnar
GARD:0019182	ulnar hemimelia	ulnar clubhand	clubhand
GARD:0019186	type 2 collagenopathy	cartilage collagen	cartilage
GARD:0019186	type 2 collagenopathy	cartilage collagen	collagen
GARD:0019203	lysosomal storage disease with skeletal involvement	dysostosis multiplex	multiplex
GARD:0019257	acute adrenal insufficiency	adrenocortical crisis	crisis
GARD:0019257	acute adrenal insufficiency	Addisonian crisis	addisonian
GARD:0019324	monosomy 22	deletion 22	deletion
GARD:0019370	postencephalitic Parkinson disease	postencephalitic parkinsonism	postencephalitic
GARD:0019370	postencephalitic Parkinson disease	postencephalitic parkinsonism	parkinsonism
GARD:0019544	oculomotor nerve paralysis	oculomotor palsy	oculomotor
GARD:0019544	oculomotor nerve paralysis	oculomotor palsy	palsy
GARD:0019546	supranuclear oculomotor palsy	gaze palsy	gaze
GARD:0019546	supranuclear oculomotor palsy	gaze palsy	palsy
GARD:0019549	uveitis	uvea inflammation	uvea
GARD:0019687	bifid uvula	uvula, cleft	uvula
GARD:0019687	bifid uvula	uvular cleft	uvular
GARD:0019687	bifid uvula	uvula, bifid	bifid
GARD:0019725	Brill-Zinsser disease	recrudescent typhus	recrudescent
GARD:0019725	Brill-Zinsser disease	sporadic typhus	sporadic
GARD:0019725	Brill-Zinsser disease	latent typhus	latent
GARD:0019816	cerebellar ataxia	cerebellar dysmetria	dysmetria
GARD:0019816	cerebellar ataxia	ataxia	ataxia
GARD:0019827	Rickettsiosis	Rickettsia infection	rickettsia
GARD:0019828	spotted fever	fever, spotted	spotted
GARD:0019829	typhus	flea typhus	flea
GARD:0019829	typhus	petechial fever	petechial
GARD:0019829	typhus	prison fever	prison
GARD:0019829	typhus	shop typhus	shop
GARD:0019829	typhus	hospital fever	hospital
GARD:0019829	typhus	murine typhus	murine
GARD:0019829	typhus	ship fever	ship
GARD:0019829	typhus	exanthematous typhus	exanthematous
GARD:0019829	typhus	Urban typhus	urban
GARD:0019829	typhus	European typhus	european
GARD:0019829	typhus	famine fever	famine
GARD:0019829	typhus	jail fever	jail
GARD:0019829	typhus	Mexican typhus	mexican
GARD:0019875	perinatal asphyxia	birth asphyxia	birth
GARD:0019875	perinatal asphyxia	birth depression	depression
GARD:0019875	perinatal asphyxia	postnatal asphyxia	postnatal
GARD:0019880	endotheliitis	endothelium inflammation	endothelium
GARD:0019945	polyrrhinia	Double nose	nose
GARD:0019946	supernumerary nostril	supernumerary naris	supernumerary
GARD:0019946	supernumerary nostril	accessory nostril	accessory
GARD:0019946	supernumerary nostril	accessory nostril	nostril
GARD:0019964	facial cleft	cleft face	face
GARD:0019964	facial cleft	craniofacial cleft	craniofacial
GARD:0019964	facial cleft	prosoposchisis	prosoposchisis
GARD:0020012	hereditary endocrine growth disease	growth disorder	growth
GARD:0020051	posttransplant acute limbic encephalitis	pale	pale
GARD:0020078	eating seizures	eating epilepsy	eating
GARD:0020141	peripheral precocious puberty	precocious pseudopuberty	precocious
GARD:0020149	wound botulism	inoculation botulism	inoculation
GARD:0020153	myopic macular degeneration	myopic maculopathy	myopic
GARD:0020195	supernumerary breasts	polymastia	polymastia
GARD:0020195	supernumerary breasts	accessory breasts	accessory
GARD:0020261	inherited ichthyosis	fish skin	fish
GARD:0020320	agammaglobulinemia	antibody Deficiency	antibody
GARD:0020354	neurolymphomatosis	fowl paralyses	fowl
GARD:0020354	neurolymphomatosis	fowl paralyses	paralyses
GARD:0020364	hereditary inclusion-body myopathy	inclusion myopathy	inclusion
GARD:0020371	inborn mitochondrial myopathy	mitochondrial cytopathy	mitochondrial
GARD:0020450	congenital temporomandibular joint ankylosis	congenital trismus	trismus
GARD:0020457	hereditary episodic ataxia	episodic ataxia	episodic
GARD:0020488	cervical adenocarcinoma	adenocarcinoma - cervix	cervix
GARD:0020531	restrictive cardiomyopathy	cardiomyopathy, constrictive	constrictive
GARD:0020570	fusariosis	Fusarium infection	fusarium
GARD:0020579	linear focal dermal elastosis	Elastotic striae	striae
GARD:0020592	virus-associated trichodysplasia spinulosa	trichodysplasia spinulosa	spinulosa
GARD:0020653	infantile mercury poisoning	infantile acrodynia	acrodynia
GARD:0020657	inhalational anthrax	inhalation anthrax	inhalation
GARD:0020657	inhalational anthrax	inhalation anthrax	anthrax
GARD:0020657	inhalational anthrax	respiratory anthrax	respiratory
GARD:0020663	inflammatory myopathy with abundant macrophages	imam	imam
GARD:0020746	inhalational botulism	inhalation botulism	inhalation
GARD:0020747	iatrogenic botulism	accidental botulism	accidental
GARD:0020749	partial hydatidiform mole	partial Mole	partial
GARD:0020892	thymoma type a	thymoma, medullary	medullary
GARD:0020967	cephalocele	cranium bifidum	cranium
GARD:0021164	acute generalized exanthematous pustulosis	toxic pustuloderma	toxic
GARD:0021199	hyperphalangy	supernumerary phalanx	supernumerary
GARD:0021199	hyperphalangy	supernumerary phalanx	phalanx
GARD:0021199	hyperphalangy	supernumerary phalanges	phalanges
GARD:0021200	central polydactyly of fingers	mirror hand	mirror
GARD:0021201	syndactyly type 6	mitten hand	mitten
GARD:0021225	congenital genu recurvatum	genu recurvatum	genu
GARD:0021235	nail tumor	nail neoplasm	nail
GARD:0021264	manganese poisoning	manganese intoxication	manganese
GARD:0021329	metachromatic leukodystrophy, juvenile form	leukodystrophy metachromatic	metachromatic
GARD:0021375	ovarian fibroma	ovarian fibromata	fibromata
GARD:0021381	duplication of the pituitary gland	hypophyseal duplication	hypophyseal
GARD:0021489	autosomal recessive frontotemporal pachygyria	pachygyria, frontotemporal	frontotemporal
GARD:0021503	lead poisoning	Lead intoxication	lead
GARD:0021503	lead poisoning	saturnism	saturnism
GARD:0021503	lead poisoning	plumbism	plumbism
GARD:0021506	chronic actinic dermatitis	actinic reticuloid	actinic
GARD:0021565	severe early-childhood-onset retinal dystrophy	fundus flavimaculatus	fundus
GARD:0021618	generalized dystonia	dystonias, torsion	torsion
GARD:0021626	glomus tumor	glomus neoplasm	glomus
GARD:0021640	refractory celiac disease	refractory sprue	refractory
GARD:0021640	refractory celiac disease	refractory sprue	sprue
GARD:0021800	urachal diverticulum	Vesicourachal diverticulum	diverticulum
GARD:0021823	placental insufficiency	insufficiency, placental	placental
GARD:0021831	secondary polyarteritis nodosa	secondary pan	pan
GARD:0021855	paratyphoid fever	paratyphoid b	paratyphoid
GARD:0021870	Keratocystic odontogenic tumor	odontogenic Keratocyst	odontogenic
GARD:0021879	pleural empyema	empyema	empyema
GARD:0021879	pleural empyema	thorax abscess	thorax
GARD:0021879	pleural empyema	thorax abscess	abscess
GARD:0021879	pleural empyema	pyothorax	pyothorax
GARD:0021879	pleural empyema	purulent pleurisy	pleurisy
GARD:0021889	cutaneous pseudolymphoma	lymphocytoma cutis	cutis
GARD:0021897	avian influenza	bird flu	bird
GARD:0021897	avian influenza	avian flu	avian
GARD:0021973	bile duct cyst	choledochal cysts	choledochal
GARD:0021973	bile duct cyst	choledochal cyst	cyst
GARD:0022003	extracranial carotid artery aneurysm	Ecca	ecca
GARD:0022068	cleft lip and palate-craniofacial dysmorphism-congenital heart defect-hearing loss syndrome	hyaluronidase 2 deficiency	hyaluronidase
GARD:0022321	Middle East respiratory syndrome	camel flu	camel
GARD:0022460	narcolepsy	paroxysmal sleep	paroxysmal
GARD:0022460	narcolepsy	paroxysmal sleep	sleep
GARD:0022702	inherited bleeding disorder, platelet-type	platelet disorder	platelet
GARD:0022718	trigonocephaly	trigonocephaly, isolated	trigonocephaly
GARD:0022718	trigonocephaly	trigonocephalus	trigonocephalus
GARD:0022770	paraganglioma	paraganglion neoplasm	paraganglion
GARD:0022778	arteritic anterior ischemic optic neuropathy	arteritic aion	aion
GARD:0022779	tongue squamous cell carcinoma	tongue scc	tongue
GARD:0022817	diffuse alopecia areata	Celsus' vitiligo	vitiligo
GARD:0022817	diffuse alopecia areata	marginal alopecia	marginal
GARD:0022830	purpura fulminans	fibrinolytic purpura	fibrinolytic
GARD:0022846	duodenum cancer	duodenal cancer	duodenal
GARD:0022872	late yaws	gummatous frambeside	gummatous
GARD:0022893	microcephaly	microcephalus	microcephalus
GARD:0022894	Siberian tick typhus	Manchurian typhus	manchurian
GARD:0022908	disseminated intravascular coagulation	consumptive coagulopathy	consumptive
GARD:0022916	Horner syndrome	oculosympathetic palsy	palsy
GARD:0022925	dysgammaglobulinemia	dysgammaglobulinemia (finding)	finding
GARD:0022931	visual epilepsy	epilepsy, visual	visual
GARD:0022934	indeterminate leprosy	uncharacteristic leprosy	uncharacteristic
GARD:0022934	indeterminate leprosy	uncharacteristic leprosy	leprosy
GARD:0022969	Achilles bursitis	capped hock	hock
GARD:0022970	Plasmodium ovale malaria	ovale malaria	malaria
GARD:0022975	epidemic keratoconjunctivitis	shipyard eye	eye
GARD:0022981	severe pre-eclampsia	severe preeclampsia	severe
GARD:0022998	tetanus neonatorum	neonatal tetanus	tetanus
GARD:0023011	dermoid cyst of skin	skin dermoid	dermoid
GARD:0023043	Plasmodium malariae malaria	quartan malaria	quartan
GARD:0023043	Plasmodium malariae malaria	quartan malaria	malaria
GARD:0023098	factor VII deficiency	deficiency, stable	stable
GARD:0023112	dermis tumor	dermal neoplasm	dermal
GARD:0023112	dermis tumor	dermis neoplasm	dermis
GARD:0023114	thrombophilia	hypercoagulability state	hypercoagulability
GARD:0023114	thrombophilia	hypercoagulability state	state
GARD:0023116	sensory peripheral neuropathy	sensory neuropathy	sensory
GARD:0023120	hematopoietic and lymphoid system neoplasm	blood tumor	blood
GARD:0023120	hematopoietic and lymphoid system neoplasm	hematologic malignancy	malignancy
GARD:0023120	hematopoietic and lymphoid system neoplasm	hematological tumors	hematological
GARD:0023127	dermoid cyst	dermoid tumor	dermoid
GARD:0023181	notochordal tumor	notochord tumour	notochord
GARD:0023181	notochordal tumor	notochordal cancer	notochordal
GARD:0023221	sella turcica neoplasm	selt	selt
GARD:0023221	sella turcica neoplasm	sellar tumour	sellar
GARD:0023233	extramedullary plasmacytoma	plasmacytoma, extramedullary	extramedullary
GARD:0023240	true hermaphroditism	ovotestis	ovotestis
GARD:0023246	papillary craniopharyngioma	craniopharyngioma, papillary	papillary
GARD:0023250	melanotic medulloblastoma	medulloblastoma, melanotic	melanotic
GARD:0023289	orbital cancer	orbit cancer	orbit
GARD:0023389	vascular hemostatic disease	hemostatic disorder	hemostatic
GARD:0023407	appendix carcinoma	Ca appendix	appendix
GARD:0023428	posterior pituitary gland neoplasm	neurohypophysis neoplasm	neurohypophysis
GARD:0023430	rhabdoid meningioma	meningioma, rhabdoid	rhabdoid
GARD:0023432	sternum cancer	sternal tumour	sternal
GARD:0023457	chronic polyneuropathy	polyneuropathy, chronic	polyneuropathy
GARD:0023477	malignant dermis tumor	dermis cancer	dermis
GARD:0023534	femoral cancer	femur cancer	femur
GARD:0023534	femoral cancer	femoral neoplasm	femoral
GARD:0023581	median nerve neuropathy	median neuropathy	median
GARD:0023589	nerve compression syndrome	entrapment neuropathy	entrapment
GARD:0023589	nerve compression syndrome	compression neuropathy	compression
GARD:0023595	clear cell-sugar-tumor of the lung	Sugar tumour	sugar
GARD:0023610	hemolytic anemia	anemia, hemolytic	hemolytic
GARD:0023657	malignant leptomeningeal tumor	leptomeningeal cancer	leptomeningeal
GARD:0023657	malignant leptomeningeal tumor	leptomeninx cancer	leptomeninx
GARD:0023694	ovarian fetiform teratoma	homunculus	homunculus
GARD:0023732	cortical thymoma	thymoma, cortical	cortical
GARD:0023745	Kummell disease	traumatic spondylopathy	traumatic
GARD:0023745	Kummell disease	traumatic spondylopathy	spondylopathy
GARD:0023755	myositis ossificans	ossification - muscle	ossification
GARD:0023755	myositis ossificans	ossification - muscle	muscle
GARD:0023904	urinary bladder tuberculosis	bladder tuberculous	bladder
GARD:0024058	chordoid meningioma	meningioma, chordoid	chordoid
GARD:0024146	leukemia	blood (leukemia)	blood
GARD:0024151	borderline leprosy	Midborderline leprosy	leprosy
GARD:0024152	tuberculoid leprosy	smooth leprosy	smooth
GARD:0024152	tuberculoid leprosy	smooth leprosy	leprosy
GARD:0024157	lymphoid neoplasm	lymphoid tumor	lymphoid
GARD:0024160	myeloid neoplasm	myeloid malignancy	malignancy
GARD:0024176	carcinoid tumor	carcinoid	carcinoid
GARD:0024178	membranous glomerulonephritis	membranous Glomerulonephropathy	membranous
GARD:0024178	membranous glomerulonephritis	membranous nephropathy	nephropathy
GARD:0024183	prion disease	spongiform encephalopathy	spongiform
GARD:0024183	prion disease	spongiform encephalopathy	encephalopathy
GARD:0024198	gingival cancer	gingiva cancer	gingiva
GARD:0024215	blackwater fever	hemoglobinuric, malaria	malaria
GARD:0024217	bulbar polio	polio, bulbar	polio
GARD:0024217	bulbar polio	polio, bulbar	bulbar
GARD:0024221	cervicofacial actinomycosis	lumpy jaw	lumpy
GARD:0024224	diaphragm disorder	diaphragmatic disorder	diaphragmatic
GARD:0024227	epidural abscess	abscess epidural	abscess
GARD:0024227	epidural abscess	abscess epidural	epidural
GARD:0024236	late congenital syphilis	juvenile neurosyphilis	neurosyphilis
GARD:0024236	late congenital syphilis	juvenile syphilis	syphilis
GARD:0024238	lymph node tuberculosis	scrofula	scrofula
GARD:0024238	lymph node tuberculosis	tuberculous lymphadenopathy	lymphadenopathy
GARD:0024240	mandibular cancer	mandibular neoplasm	mandibular
GARD:0024240	mandibular cancer	mandible cancer	mandible
GARD:0024241	maxillary neoplasm	maxillary cancer	maxillary
GARD:0024247	myelophthisic anemia	leukoerythroblastic reaction	reaction
GARD:0024247	myelophthisic anemia	myelophthisis	myelophthisis
GARD:0024253	phagocyte bactericidal dysfunction	phagocytic dysfunction	dysfunction
GARD:0024254	Plasmodium falciparum malaria	falciparum malaria	malaria
GARD:0024255	Plasmodium vivax malaria	vivax malaria	malaria
GARD:0024256	pleural tuberculosis	tuberculous pleurisy	pleurisy
GARD:0024298	blast phase chronic myelogenous leukemia, BCR-ABL1 positive	blast crises	crises
GARD:0024298	blast phase chronic myelogenous leukemia, BCR-ABL1 positive	phase, blast	phase
GARD:0024298	blast phase chronic myelogenous leukemia, BCR-ABL1 positive	blast crisis	crisis
GARD:0024298	blast phase chronic myelogenous leukemia, BCR-ABL1 positive	blast phases	phases
GARD:0024375	palmar fibromatosis	Dupuytren contracture	contracture
GARD:0024383	penile carcinoma	penile cancer	penile
GARD:0024417	thymoma type B3	thymoma, epithelial	epithelial
GARD:0024418	thymoma type B1	thymoma, organoid	organoid
GARD:0024434	hereditary hemochromatosis	diabetes bronze	diabetes
GARD:0024434	hereditary hemochromatosis	diabetes bronze	bronze
GARD:0024441	photoallergic dermatitis	photoallergic eczema	eczema
GARD:0024442	photosensitivity disease	photosensitization	photosensitization
GARD:0024443	phototoxic dermatitis	Photosensitisation reaction	reaction
GARD:0024443	phototoxic dermatitis	photosensitiveness	photosensitiveness
GARD:0024444	skin sarcoidosis	cutaneous sarcoid	sarcoid
GARD:0024451	alcoholic polyneuropathy	alcoholic neuropathy	alcoholic
GARD:0024454	anthracosis	black lung	black
GARD:0024455	aortitis	aorta inflammation	aorta
GARD:0024459	brachial plexus neuropathy	brachial plexopathy	brachial
GARD:0024465	endolymphatic hydrops	labyrinthine hydrops	labyrinthine
GARD:0024465	endolymphatic hydrops	labyrinthine hydrops	hydrops
GARD:0024477	iritis	iris inflammation	iris
GARD:0024478	jejunal cancer	jejunum cancer	jejunum
GARD:0024496	optic papillitis	papillitis, optic	optic
GARD:0024496	optic papillitis	disk, Choked	disk
GARD:0024501	posterior uveitis	uveitis, posterior	posterior
GARD:0024503	Rickettsiaceae infectious disease	rickettsialpox	rickettsialpox
GARD:0024511	subdural empyema	subdural abscess	subdural
GARD:0024511	subdural empyema	subdural abscess	abscess
GARD:0024524	hereditary anorectal anomalies	anorectal anomalies	anorectal
GARD:0024532	brachydactyly type D	stub thumb	stub
GARD:0024536	amastia	amazia	amazia
GARD:0024582	keratoconus 1	keratoconus type 1	keratoconus
GARD:0024585	uterine corpus leiomyoma	uterine fibroid	fibroid
GARD:0024591	megalodactyly	macrodactyly	macrodactyly
GARD:0024600	neurofibromatosis, type iv, of riccardi	neurofibromatosis, atypical	atypical
GARD:0024601	nevus, epidermal	Nevus sebaceous	sebaceous
GARD:0024601	nevus, epidermal	Epidermal Nevus	epidermal
GARD:0024609	chondromalacia patellae	patella chondromalacia	patella
GARD:0024609	chondromalacia patellae	patella chondromalacia	chondromalacia
GARD:0024610	periodontitis, aggressive 1	periodontitis, prepubertal	prepubertal
GARD:0024610	periodontitis, aggressive 1	periodontitis, aggressive, 1	aggressive
GARD:0024616	protoporphyria, erythropoietic, 1	erythropoietic protoporphyria	erythropoietic
GARD:0024618	intestinal schistosomiasis	schistosomiasis japonica	japonica
GARD:0024663	hydrocephalus, nonsyndromic, autosomal recessive 1	hydrocephaly	hydrocephaly
GARD:0024663	hydrocephalus, nonsyndromic, autosomal recessive 1	hydrocephalus, congenital, 1	hydrocephalus
GARD:0024674	primary ciliary dyskinesia 1	Polynesian bronchiectasis	polynesian
GARD:0024674	primary ciliary dyskinesia 1	Polynesian bronchiectasis	bronchiectasis
GARD:0024679	lymphoblastic leukemia, acute, with lymphomatous features	lymphomatous All	lymphomatous
GARD:0024679	lymphoblastic leukemia, acute, with lymphomatous features	lall	lall
GARD:0024682	autosomal recessive familial Mediterranean fever	polyserositis, recurrent	recurrent
GARD:0024692	neutrophil actin dysfunction	Atypical Nevus	atypical
GARD:0024692	neutrophil actin dysfunction	dysplastic nevi	dysplastic
GARD:0024692	neutrophil actin dysfunction	Clark Nevus	clark
GARD:0024692	neutrophil actin dysfunction	lentiginous Nevus	lentiginous
GARD:0024789	citrullinemia, type ii, adult-onset	citrin deficiency	citrin
GARD:0024933	beta-thalassemia HBB/LCRB	thalassemia, beta	beta
GARD:0025134	isolated oxycephaly	acrocephaly	acrocephaly
GARD:0025134	isolated oxycephaly	hypsicephaly	hypsicephaly
GARD:0025134	isolated oxycephaly	pyrgocephaly	pyrgocephaly
GARD:0025157	congenital glaucoma	hydrophthalmos	hydrophthalmos
GARD:0025216	erythroid neoplasm	erythroid tumor	erythroid
GARD:0025259	pseudomembranous diphtheritic conjunctivitis	conjunctival diphtheria	conjunctival
GARD:0025259	pseudomembranous diphtheritic conjunctivitis	conjunctival diphtheria	diphtheria
GARD:0025265	faucial diphtheria	diphtheritic membrane	diphtheritic
GARD:0025265	faucial diphtheria	diphtheritic membrane	membrane
GARD:0025284	jugulotympanic paraganglioma	Glomus tumor	glomus
GARD:0025286	sympathetic paraganglioma	chromaffin neoplasm	chromaffin
GARD:0025332	rectal neuroendocrine tumor G1	rectal carcinoid	rectal
GARD:0025338	neoplasm of femur	femur tumor	femur
GARD:0025348	neuralgia	pain, nerve	pain
GARD:0025348	neuralgia	pain, nerve	nerve
GARD:0025348	neuralgia	pain, neuropathic	neuropathic
GARD:0025352	temporomandibular joint dysfunction syndrome	Mandibular dysfunction	mandibular
GARD:0025352	temporomandibular joint dysfunction syndrome	Mandibular dysfunction	dysfunction
GARD:0025352	temporomandibular joint dysfunction syndrome	Snapping jaw	snapping
GARD:0025357	cutaneous tuberculosis	tuberculoderma	tuberculoderma
GARD:0025357	cutaneous tuberculosis	tuberculosis cutis	cutis
GARD:0025366	chromosome 22, monosome mosaic	Mosaic monosome 22	mosaic
GARD:0025366	chromosome 22, monosome mosaic	Mosaic monosome 22	monosome
GARD:0025378	hypothyroidism, congenital, nongoitrous, 2	thyroid, ectopic	ectopic
GARD:0025436	orbit neoplasm	orbit tumor	orbit
GARD:0025448	skull neoplasm	skull tumour	skull
GARD:0025748	myopathy, congenital, with tremor	Myogenic Tremor	myogenic
GARD:0025838	multibacillary leprosy	lepromatous leprosy	lepromatous
GARD:0025838	multibacillary leprosy	lepromatous leprosy	leprosy
GARD:0025839	paucibacillary leprosy	tuberculoid leprosy	tuberculoid
GARD:0025839	paucibacillary leprosy	tuberculoid leprosy	leprosy
GARD:0025845	tertiary lesion of yaws	tertiary yaws	tertiary
GARD:0025845	tertiary lesion of yaws	tertiary yaws	yaws
GARD:0025855	Weil's disease	spirochetal jaundice	spirochetal
GARD:0025855	Weil's disease	spirochetal jaundice	jaundice
GARD:0025864	chromosome inversion disorder	inversion	inversion
GARD:0025864	chromosome inversion disorder	chromosomal Inversions	chromosomal
GARD:0025864	chromosome inversion disorder	inverted chromosome	inverted
GARD:0025868	respiratory paralysis	paralysis, diaphragmatic	diaphragmatic
GARD:0025868	respiratory paralysis	paralysis, respiratory	respiratory
GARD:0025876	livedo reticularis	livedo racemosa	livedo
GARD:0025916	hematopoietic and lymphoid cell neoplasm	hematological tumor	hematological
GARD:0025916	hematopoietic and lymphoid cell neoplasm	hematologic malignancy	malignancy
GARD:0026066	Imerslund-Grasbeck syndrome type 1	megaloblastic anemia, 1	megaloblastic
GARD:0026148	malignant glioma	neuroglial tumour	neuroglial
GARD:0026218	RDH5-related retinopathy	fundus albipunctatus	fundus
GARD:0026219	RLBP1-related retinopathy	fundus albipunctatus	fundus
GARD:0026242	TSPAN12-related vitreoretinopathy	exudative vitreoretinopathy 5	exudative
GARD:0026331	monosomy chromosome 8	chromosome 8 deletion	deletion
GARD:0026371	partial segmental duplication	partial trisomy 21	partial
GARD:0026371	partial segmental duplication	segmental duplication	segmental
GARD:0026425	restrictive dermopathy 1	restrictive dermopathy	restrictive
GARD:0026425	restrictive dermopathy 1	restrictive dermopathy	dermopathy
GARD:0026430	abnormal mineralization disorder	osteomalacia	osteomalacia
GARD:0026509	congenital myopathy 4a, autosomal dominant	nemaline myopathy 1	nemaline
GARD:0026509	congenital myopathy 4a, autosomal dominant	cap myopathy 1	cap
GARD:0026540	iron poisoning	iron overload	iron
GARD:0026540	iron poisoning	iron overload	overload
GARD:0026540	iron poisoning	iron toxicity	toxicity
GARD:0027043	vascular cancer	vasculature cancer	vasculature
GARD:0027043	vascular cancer	vascular tumours	vascular
GARD:0027050	glanders	farcy pipes	farcy
GARD:0027052	Frey syndrome	gustatory sweating	sweating
GARD:0027060	intravascular papillary endothelial hyperplasia	Masson lesion	lesion
GARD:0027118	variola major infectious disease	variola major	variola
GARD:0027121	smallpox	Variola	variola
GARD:0027121	smallpox	ordinary smallpox	ordinary
GARD:0027121	smallpox	ordinary smallpox	smallpox
GARD:0027123	variola minor infection	Variola minor	variola
GARD:0027123	variola minor infection	Variola minor	minor
GARD:0027123	variola minor infection	alastrim	alastrim
